rank,table,n_rows,n_columns,prefix
1,app_dict_def,1513,8,app
2,wage_data,724,6,wage
3,wage_set_val,724,6,wage
4,addr_city,538,6,addr
5,mup_modu_obj,535,4,mup
6,mup_sys_func,509,9,mup
7,app_attr_def,448,9,app
8,app_dict,371,6,app
9,evm_account_f,370,11,evm
10,evm_io_f,339,24,evm
11,evm_v_item,339,17,evm
12,app_voucher_evm_para,244,7,app
13,rep_unit,224,21,rep
14,evm_subject,185,19,evm
15,emp,169,75,(no-prefix)
16,wage_set_emp,169,7,wage
17,evm_init,164,22,evm
18,app_voucher_type,162,17,app
19,rep_analysis_source_item,161,6,rep
20,rep_attr,147,8,rep
21,ebs_vr_ctl,117,121,ebs
22,ebs_v,94,23,ebs
23,evm_v,93,5,evm
24,mup_frame_menu,69,3,mup
25,mup_frame_nag,69,3,mup
26,bbs_subject_stat,63,3,bbs
27,ebs_vr_ref_set,54,22,ebs
28,tbx_tool_def,48,4,tbx
29,tbx_user_tool,48,3,tbx
30,wage_tax,44,6,wage
31,emp_dept_post,38,3,emp
32,emp_post,38,8,emp
33,edt_res_init,37,15,edt
34,timer_stat_item_def,36,8,timer
35,mup_modu,35,4,mup
36,addr_province,32,5,addr
37,res,32,55,(no-prefix)
38,res_composing,32,16,res
39,evm_cash_subject,31,5,evm
40,app_emp,30,13,app
41,mup_sys,27,4,mup
42,evm_def_trans_item,22,5,evm
43,edt_vir,18,5,edt
44,emp_dept,16,10,emp
45,mup_dll,14,5,mup
46,timer_original_rec,13,9,timer
47,app_remind_def,10,6,app
48,rep_analysis_source,10,5,rep
49,mup_frame,9,6,mup
50,wage_set_subject,9,2,wage
51,wage_subject,9,11,wage
52,evm_def_trans,8,8,evm
53,bbs_group_subject,7,3,bbs
54,bbs_subject,7,5,bbs
55,emf_res_io_type,7,7,emf
56,emp_res_io_type,7,7,emp
57,timer_result_def,7,5,timer
58,app_sequence,5,2,app
59,asset_type,5,6,asset
60,eas_def_item,5,18,eas
61,eas_set_item,5,6,eas
62,emf_cost_def,5,6,emf
63,mio_budget_type,5,4,mio
64,app_obj_source_type,4,4,app
65,eas_assess_grade,4,4,eas
66,eas_item_grade,4,3,eas
67,eba,4,81,(no-prefix)
68,eba_service,4,9,eba
69,emf_process,4,13,emf
70,rep,4,27,(no-prefix)
71,res_catalog,4,26,res
72,tbx_card_group,4,7,tbx
73,timer_list,4,41,timer
74,app_dept,3,7,app
75,eba_price_group,3,8,eba
76,edt,3,8,(no-prefix)
77,emp_card_type,3,9,emp
78,emp_welfare_type,3,5,emp
79,evm_money_type,3,3,evm
80,sup,3,60,(no-prefix)
81,sup_service,3,5,sup
82,tbx_web_site_type,3,6,tbx
83,timer_class_def,3,81,timer
84,wage_group_cal,3,3,wage
85,wage_set_cal,3,3,wage
86,bbs_group,2,4,bbs
87,emp_dorm,2,16,emp
88,emp_insurance_type,2,14,emp
89,mio_account,2,15,mio
90,mup_sys_func_activate,2,6,mup
91,pm_project,2,23,pm
92,res_bom_type,2,4,res
93,addr_country,1,5,addr
94,app_company,1,5,app
95,bbs_page,1,4,bbs
96,eas_assess_group,1,6,eas
97,eas_def_class,1,5,eas
98,eas_set,1,8,eas
99,eas_set_class,1,3,eas
100,ebm_brand,1,4,ebm
101,emf_process_dir,1,4,emf
102,emf_res_catalog,1,4,emf
103,emf_route_dir,1,4,emf
104,emp_company,1,8,emp
105,emp_res_catalog,1,4,emp
106,pm_project_type,1,5,pm
107,tbx_favorite_sentence,1,5,tbx
108,timer_class_rule,1,70,timer
109,timer_emp_group,1,7,timer
110,timer_overtime_type,1,3,timer
111,timer_para,1,14,timer
112,wage_set,1,5,wage
113,app_card_fmt,0,11,app
114,app_card_fmt_def,0,8,app
115,app_clear_log_para,0,2,app
116,app_fee,0,9,app
117,app_fs_file,0,12,app
118,app_gen_batch_no_ext,0,3,app
119,app_gen_batch_no_rule,0,10,app
120,app_gen_id_ext,0,3,app
121,app_gen_id_rule,0,5,app
122,app_grid_fmt,0,12,app
123,app_grid_fmt_def,0,9,app
124,app_group,0,7,app
125,app_group_item,0,3,app
126,app_instruct,0,4,app
127,app_lmt_def_item,0,4,app
128,app_loadfmt_profile,0,4,app
129,app_my_remind,0,7,app
130,app_my_voucher,0,3,app
131,app_note,0,5,app
132,app_obj_source,0,3,app
133,app_server_task,0,17,app
134,app_sql_cond,0,5,app
135,app_sql_cond_item,0,11,app
136,app_tmp_key_set,0,2,app
137,app_user_tab_col,0,11,app
138,app_voucher_source,0,3,app
139,app_win_source,0,5,app
140,asset,0,59,(no-prefix)
141,asset_acc,0,23,asset
142,asset_acc_depre,0,3,asset
143,asset_acc_init,0,12,asset
144,asset_acc_io,0,5,asset
145,asset_assist,0,10,asset
146,asset_chg,0,11,asset
147,asset_count_no,0,2,asset
148,asset_count_no_num,0,3,asset
149,asset_depre,0,9,asset
150,asset_dept_apart,0,5,asset
151,asset_desc,0,4,asset
152,asset_draw,0,14,asset
153,asset_examine,0,25,asset
154,asset_file,0,5,asset
155,asset_file_data,0,3,asset
156,asset_group,0,6,asset
157,asset_group_item,0,3,asset
158,asset_hire,0,25,asset
159,asset_load,0,4,asset
160,asset_move,0,15,asset
161,asset_stat,0,14,asset
162,bbs_board,0,3,bbs
163,bbs_detail,0,10,bbs
164,bbs_detail_ext,0,4,bbs
165,bbs_detail_file,0,6,bbs
166,bbs_login_log,0,4,bbs
167,bbs_manager,0,2,bbs
168,bbs_page_link,0,7,bbs
169,bbs_search,0,4,bbs
170,bbs_search_topic,0,3,bbs
171,bbs_top_topic,0,5,bbs
172,bbs_topic,0,17,bbs
173,bbs_topic_key_word,0,3,bbs
174,bbs_user,0,23,bbs
175,bbs_user_favorite,0,5,bbs
176,bbs_user_photo,0,7,bbs
177,bbs_user_photo_catalog,0,4,bbs
178,bbs_user_subject,0,5,bbs
179,bbs_user_topic,0,3,bbs
180,car_card,0,40,car
181,car_crime,0,16,car
182,car_fee,0,24,car
183,car_repair,0,13,car
184,car_use,0,26,car
185,crm_card,0,28,crm
186,crm_card_group_member,0,2,crm
187,crm_card_note,0,5,crm
188,crm_chance,0,29,crm
189,crm_chance_item,0,8,crm
190,crm_chance_note,0,5,crm
191,crm_chance_touch,0,13,crm
192,crm_clew,0,30,crm
193,crm_clew_group,0,5,crm
194,crm_clew_note,0,5,crm
195,crm_clew_touch,0,16,crm
196,crm_cost,0,12,crm
197,crm_cost_def,0,3,crm
198,crm_cost_item,0,4,crm
199,crm_event,0,43,crm
200,crm_event_deal,0,9,crm
201,crm_event_note,0,5,crm
202,crm_fee,0,24,crm
203,crm_qq_group,0,9,crm
204,crm_repair,0,33,crm
205,crm_repair_item,0,14,crm
206,crm_taste,0,21,crm
207,crm_taste_note,0,5,crm
208,crm_taste_plan,0,12,crm
209,crm_touch,0,18,crm
210,crm_web_site,0,10,crm
211,eas_add_up,0,11,eas
212,eas_assess_group_line,0,3,eas
213,eas_cal_set_line,0,3,eas
214,eas_def_item_cause,0,4,eas
215,eas_g_detail,0,7,eas
216,eas_g_item,0,17,eas
217,eas_set_cal,0,3,eas
218,eba_bill_init,0,7,eba
219,eba_card,0,38,eba
220,eba_card_note,0,5,eba
221,eba_contract,0,23,eba
222,eba_contract_desc,0,4,eba
223,eba_expire,0,16,eba
224,eba_expire_remind,0,8,eba
225,eba_expire_v,0,10,eba
226,eba_group,0,5,eba
227,eba_group_member,0,2,eba
228,eba_group_share,0,2,eba
229,eba_io,0,50,eba
230,eba_io_init,0,14,eba
231,eba_io_t,0,50,eba
232,eba_mem_card,0,25,eba
233,eba_mem_card_acc,0,6,eba
234,eba_mem_card_ex_rule,0,11,eba
235,eba_mem_card_para,0,4,eba
236,eba_mem_card_usage,0,17,eba
237,eba_note,0,5,eba
238,eba_pos,0,21,eba
239,eba_pos_login_log,0,15,eba
240,eba_pre_init,0,7,eba
241,eba_price,0,10,eba
242,eba_price_sub_group,0,3,eba
243,eba_request,0,25,eba
244,eba_vr,0,22,eba
245,ebm_bill,0,16,ebm
246,ebm_bill_t,0,16,ebm
247,ebm_eba,0,20,ebm
248,ebm_io,0,20,ebm
249,ebm_io_t,0,20,ebm
250,ebm_mio,0,16,ebm
251,ebm_mio_item,0,12,ebm
252,ebs_ref,0,10,ebs
253,ebs_v_attr,0,3,ebs
254,ebs_v_attr_t,0,3,ebs
255,ebs_v_item_attr,0,4,ebs
256,ebs_v_item_attr_t,0,4,ebs
257,ebs_v_log,0,14,ebs
258,ebs_v_note,0,5,ebs
259,ebs_v_note_t,0,5,ebs
260,ebs_v_oper_log,0,8,ebs
261,ebs_v_print,0,4,ebs
262,ebs_v_res_cost_io,0,17,ebs
263,ebs_v_t,0,23,ebs
264,ebs_voucher_id_t,0,1,ebs
265,ebs_voucher_type_def,0,7,ebs
266,ebs_vr,0,45,ebs
267,ebs_vr_item,0,50,ebs
268,ebs_vr_item_attr,0,4,ebs
269,ebs_vr_item_attr_t,0,4,ebs
270,ebs_vr_item_ref_tmp_all,0,12,ebs
271,ebs_vr_item_ref_tmp_one,0,12,ebs
272,ebs_vr_item_set,0,3,ebs
273,ebs_vr_item_t,0,50,ebs
274,ebs_vr_lb,0,9,ebs
275,ebs_vr_lb_oper_log,0,5,ebs
276,ebs_vr_ref_finish,0,2,ebs
277,ebs_vr_t,0,45,ebs
278,edoc_catalog,0,9,edoc
279,edoc_doc,0,25,edoc
280,edoc_group,0,4,edoc
281,edt_cost_price_v,0,1,edt
282,edt_cycle,0,1,edt
283,edt_cycle_cost_price,0,6,edt
284,edt_cycle_res,0,10,edt
285,edt_cycle_res_cost_tmp,0,4,edt
286,edt_eba_io,0,40,edt
287,edt_eba_res,0,11,edt
288,edt_io,0,59,edt
289,edt_io_adjust,0,65,edt
290,edt_io_t,0,59,edt
291,edt_io_vir,0,25,edt
292,edt_lb_e,0,19,edt
293,edt_less_cal,0,11,edt
294,edt_less_cal_res,0,3,edt
295,edt_less_cal_res_vir,0,3,edt
296,edt_plan,0,3,edt
297,edt_plan_res,0,2,edt
298,edt_plan_res_set,0,13,edt
299,edt_plan_res_set_item,0,4,edt
300,edt_plan_res_set_ref_item,0,8,edt
301,edt_ref_cost_price,0,6,edt
302,edt_res,0,10,edt
303,edt_res_batch_price,0,6,edt
304,edt_res_cost,0,9,edt
305,edt_res_cost_edt_io_tmp,0,5,edt
306,edt_res_cost_price,0,7,edt
307,edt_res_cost_usage,0,13,edt
308,edt_res_vir,0,7,edt
309,edt_res_warn_set,0,4,edt
310,edt_scan_set_item,0,5,edt
311,edt_site,0,6,edt
312,ekg,0,5,(no-prefix)
313,ekg_catalog,0,9,ekg
314,ekg_catalog3,0,5,ekg
315,ekg_doc,0,6,ekg
316,ekg_doc_text,0,3,ekg
317,ekg_group,0,3,ekg
318,ekg_node,0,5,ekg
319,emf_check_order,0,9,emf
320,emf_check_order_cost,0,6,emf
321,emf_check_order_item,0,6,emf
322,emf_cost_order,0,2,emf
323,emf_cost_order_item,0,6,emf
324,emf_cost_order_item_fee,0,5,emf
325,emf_draw_io_item,0,11,emf
326,emf_draw_order,0,4,emf
327,emf_io,0,39,emf
328,emf_io_next,0,5,emf
329,emf_lsw,0,6,emf
330,emf_lsw_io,0,5,emf
331,emf_lsw_res,0,3,emf
332,emf_main_plan,0,7,emf
333,emf_res_def,0,11,emf
334,emf_res_io,0,18,emf
335,emf_res_num,0,2,emf
336,emf_res_sup,0,17,emf
337,emf_route_process,0,29,emf
338,emf_shop_order,0,10,emf
339,emf_shop_order_item,0,7,emf
340,emf_task,0,38,emf
341,emp_card,0,23,emp
342,emp_card_keep_his,0,3,emp
343,emp_contract_temp,0,4,emp
344,emp_contract_temp_data,0,3,emp
345,emp_desc,0,4,emp
346,emp_dorm_fee,0,32,emp
347,emp_dorm_fee_apart,0,13,emp
348,emp_dorm_member,0,6,emp
349,emp_dorm_use,0,17,emp
350,emp_family,0,18,emp
351,emp_group,0,6,emp
352,emp_insurance,0,14,emp
353,emp_insurance_payment,0,10,emp
354,emp_insurance_v,0,3,emp
355,emp_insurance_v_emp,0,3,emp
356,emp_insurance_v_item,0,7,emp
357,emp_job_hurt,0,31,emp
358,emp_leave_chat,0,8,emp
359,emp_med_check,0,19,emp
360,emp_note,0,5,emp
361,emp_notice,0,7,emp
362,emp_part_time,0,16,emp
363,emp_pict,0,4,emp
364,emp_pict_data,0,3,emp
365,emp_post_move,0,31,emp
366,emp_prize,0,13,emp
367,emp_punishment,0,12,emp
368,emp_res_def,0,11,emp
369,emp_res_draw,0,17,emp
370,emp_res_io,0,22,emp
371,emp_res_num,0,2,emp
372,emp_res_sup,0,17,emp
373,emp_study_his,0,21,emp
374,emp_technical,0,38,emp
375,emp_welfare,0,10,emp
376,emp_work_his,0,19,emp
377,eqs_answer,0,23,eqs
378,eqs_answer_choose,0,3,eqs
379,eqs_answer_desc,0,4,eqs
380,eqs_answer_mark,0,3,eqs
381,eqs_def_class,0,6,eqs
382,eqs_def_item,0,6,eqs
383,eqs_group,0,4,eqs
384,eqs_item,0,10,eqs
385,eqs_item_choice,0,5,eqs
386,eqs_type,0,4,eqs
387,evm_account,0,11,evm
388,evm_account_sep_cycle,0,13,evm
389,evm_account_sep_cycle_f,0,13,evm
390,evm_cash_io,0,10,evm
391,evm_cash_io_init,0,5,evm
392,evm_cash_subject_map,0,5,evm
393,evm_imp_lst,0,4,evm
394,evm_imp_rule,0,7,evm
395,evm_imp_rule_item,0,18,evm
396,evm_imp_rule_source,0,3,evm
397,evm_io,0,24,evm
398,evm_v_cash_io,0,6,evm
399,evm_v_money_rate,0,3,evm
400,evm_v_temp_item,0,17,evm
401,hrm_applicant,0,32,hrm
402,hrm_black,0,9,hrm
403,hrm_emp_skill,0,15,hrm
404,hrm_employ_person,0,49,hrm
405,hrm_employ_person_desc,0,4,hrm
406,hrm_employ_plan,0,32,hrm
407,hrm_employ_plan_detail,0,24,hrm
408,hrm_employ_process_info,0,4,hrm
409,hrm_fee,0,20,hrm
410,hrm_file_trust_fee,0,12,hrm
411,hrm_grow_plan,0,13,hrm
412,hrm_grow_plan_group,0,7,hrm
413,hrm_grow_plan_trace,0,8,hrm
414,hrm_post,0,15,hrm
415,hrm_post_info,0,5,hrm
416,hrm_post_skill,0,6,hrm
417,hrm_salary_grade,0,5,hrm
418,hrm_skill,0,5,hrm
419,hrm_skill_group,0,4,hrm
420,hrm_skill_person_trace,0,8,hrm
421,mio_account_io,0,24,mio
422,mio_account_io_t,0,24,mio
423,mio_bank_io,0,15,mio
424,mio_bank_io_check,0,5,mio
425,mio_budget_subject,0,3,mio
426,mio_budget_v,0,5,mio
427,mio_budget_v_obj,0,2,mio
428,mio_budget_v_subject,0,2,mio
429,mio_budget_v_val,0,4,mio
430,mio_change,0,12,mio
431,mio_check,0,17,mio
432,mio_check_buy,0,7,mio
433,mio_check_oper,0,9,mio
434,mio_cycle,0,1,mio
435,mio_cycle_account,0,3,mio
436,mio_evm_io,0,15,mio
437,mio_expense,0,6,mio
438,mio_expense_item,0,7,mio
439,mio_loan,0,12,mio
440,mio_loan_ret,0,8,mio
441,mio_move,0,10,mio
442,mio_oper_io,0,10,mio
443,mio_oper_io_item,0,10,mio
444,mio_v_loan,0,8,mio
445,mio_v_loan_ret,0,8,mio
446,mup_func_set,0,5,mup
447,mup_func_set_item,0,4,mup
448,mup_group,0,4,mup
449,mup_m_ext,0,7,mup
450,mup_m_nag,0,4,mup
451,mup_menu_group_item,0,6,mup
452,mup_menu_set,0,6,mup
453,mup_menu_set_item,0,7,mup
454,mup_msg,0,10,mup
455,mup_msg_obj,0,4,mup
456,mup_nag_group_item,0,7,mup
457,mup_priv_obj_limit,0,6,mup
458,mup_role_priv,0,4,mup
459,mup_shortcut,0,4,mup
460,mup_unit,0,4,mup
461,mup_user_frame,0,3,mup
462,mup_user_limit,0,4,mup
463,mup_user_limit_val,0,2,mup
464,mup_user_nag_group,0,4,mup
465,mup_user_nag_group_item,0,9,mup
466,mup_wo,0,5,mup
467,mup_wo_item,0,3,mup
468,oa_request_car_use,0,14,oa
469,oa_request_desc,0,4,oa
470,oa_request_desc_check,0,4,oa
471,oa_request_errand,0,11,oa
472,oa_request_exp,0,3,oa
473,oa_request_flow,0,19,oa
474,oa_request_leave,0,9,oa
475,oa_seal_use,0,15,oa
476,pm_project_note,0,5,pm
477,qm_catalog,0,5,qm
478,qm_degree_std,0,5,qm
479,qm_group_item,0,6,qm
480,qm_item,0,21,qm
481,qm_item_list,0,17,qm
482,qm_list,0,14,qm
483,qm_v,0,18,qm
484,qm_v_data,0,4,qm
485,qm_v_item,0,11,qm
486,rep_analysis,0,6,rep
487,rep_analysis_item,0,8,rep
488,rep_board_unit,0,8,rep
489,rep_chart,0,14,rep
490,rep_chart_exp,0,3,rep
491,rep_chart_para,0,3,rep
492,rep_chart_sort,0,5,rep
493,rep_ds,0,6,rep
494,rep_ds_source,0,3,rep
495,rep_flow,0,4,rep
496,rep_flow_unit,0,21,rep
497,rep_form,0,5,rep
498,rep_form_unit,0,21,rep
499,rep_my_rep,0,3,rep
500,rep_source,0,3,rep
501,res_bom_item,0,16,res
502,res_cost_io,0,17,res
503,res_cost_subject,0,3,res
504,res_desc,0,4,res
505,res_group_item,0,4,res
506,res_provide_info,0,5,res
507,res_replace_def,0,5,res
508,res_std_attr,0,8,res
509,res_sub_attr_def,0,7,res
510,res_sub_attr_price,0,10,res
511,res_unit_type_ext,0,9,res
512,rival,0,24,(no-prefix)
513,rival_desc,0,4,rival
514,rival_note,0,5,rival
515,rival_res_desc,0,4,rival
516,rival_res_note,0,5,rival
517,sc_ability_type,0,2,sc
518,sc_resource_type,0,2,sc
519,sc_task_type,0,2,sc
520,sup_bill_init,0,7,sup
521,sup_card,0,30,sup
522,sup_card_note,0,5,sup
523,sup_contract,0,23,sup
524,sup_contract_desc,0,4,sup
525,sup_group,0,5,sup
526,sup_group_linkman,0,5,sup
527,sup_group_linkman_member,0,2,sup
528,sup_group_member,0,2,sup
529,sup_io,0,40,sup
530,sup_io_init,0,11,sup
531,sup_io_t,0,40,sup
532,sup_linkman_note,0,5,sup
533,sup_note,0,5,sup
534,sup_pre_init,0,7,sup
535,sup_price_info,0,17,sup
536,tbx_call_record,0,7,tbx
537,tbx_card,0,29,tbx
538,tbx_card_group_member,0,3,tbx
539,tbx_card_note,0,5,tbx
540,tbx_chat,0,12,tbx
541,tbx_daily,0,9,tbx
542,tbx_daily_obj,0,4,tbx
543,tbx_daily_type,0,5,tbx
544,tbx_file_transfer,0,9,tbx
545,tbx_inform,0,8,tbx
546,tbx_inform_mail,0,11,tbx
547,tbx_inform_reader,0,8,tbx
548,tbx_inspect_class,0,8,tbx
549,tbx_inspect_log,0,9,tbx
550,tbx_mail,0,18,tbx
551,tbx_mail_account,0,12,tbx
552,tbx_mail_attachment,0,5,tbx
553,tbx_mail_catalog,0,8,tbx
554,tbx_meet,0,8,tbx
555,tbx_meet_member,0,5,tbx
556,tbx_meet_msg,0,7,tbx
557,tbx_memory,0,8,tbx
558,tbx_memory_type,0,4,tbx
559,tbx_msg,0,11,tbx
560,tbx_msg_obj,0,4,tbx
561,tbx_news,0,8,tbx
562,tbx_news_txt,0,3,tbx
563,tbx_notebook,0,5,tbx
564,tbx_notebook_text,0,3,tbx
565,tbx_plan,0,10,tbx
566,tbx_qq_group,0,9,tbx
567,tbx_scheme,0,21,tbx
568,tbx_shortcut,0,8,tbx
569,tbx_sms_list,0,13,tbx
570,tbx_sms_log,0,7,tbx
571,tbx_sms_to_send,0,1,tbx
572,tbx_smtp_log,0,10,tbx
573,tbx_smtp_log_err,0,2,tbx
574,tbx_task,0,28,tbx
575,tbx_web_site,0,10,tbx
576,timer_absent,0,8,timer
577,timer_bank_io,0,11,timer
578,timer_cal_set_line,0,3,timer
579,timer_duration,0,8,timer
580,timer_errand,0,18,timer
581,timer_gather,0,5,timer
582,timer_leave,0,16,timer
583,timer_list_temp,0,41,timer
584,timer_mark_v,0,3,timer
585,timer_mark_v_item,0,6,timer
586,timer_meal,0,9,timer
587,timer_meal_type,0,2,timer
588,timer_off_work,0,13,timer
589,timer_out,0,14,timer
590,timer_overtime,0,19,timer
591,timer_overtime_v,0,3,timer
592,timer_overtime_v_item,0,12,timer
593,timer_part,0,12,timer
594,timer_rec_process_emp,0,2,timer
595,timer_rec_process_log,0,15,timer
596,timer_rec_process_task,0,14,timer
597,timer_rest,0,15,timer
598,timer_rest_std,0,8,timer
599,timer_rest_std_def,0,13,timer
600,timer_rest_std_rule,0,2,timer
601,timer_stat,0,5,timer
602,timer_stat_emp,0,3,timer
603,timer_stat_val,0,5,timer
604,train,0,5,(no-prefix)
605,train_book,0,4,train
606,train_class,0,7,train
607,train_class_detail,0,7,train
608,train_demand,0,18,train
609,train_demand_emp,0,2,train
610,train_detail,0,9,train
611,train_emp,0,4,train
612,train_emp_record,0,9,train
613,train_emp_req,0,4,train
614,train_emp_skip,0,6,train
615,train_exam,0,2,train
616,train_fee,0,6,train
617,train_list,0,25,train
618,train_plan,0,5,train
619,train_plan2,0,17,train
620,train_plan_detail,0,9,train
621,train_plan_emp,0,4,train
622,train_plan_fee,0,4,train
623,train_research,0,3,train
624,train_service,0,14,train
625,train_skill,0,2,train
626,train_source,0,3,train
627,wage_bank_file_fmt,0,26,wage
628,wage_data_str,0,6,wage
629,wage_dept,0,4,wage
630,wage_emp,0,4,wage
631,wage_emp_bank,0,2,wage
632,wage_emp_bank_io,0,8,wage
633,wage_set_work,0,31,wage
634,wage_std,0,6,wage
635,wage_std_val,0,3,wage
636,wage_work_point,0,7,wage
637,wage_work_price,0,19,wage
638,wage_work_v,0,3,wage
639,wage_work_v_item,0,26,wage
